LAD22CD,LAD22NM,LAD22NMW,AREA_TOTAL,AREA_ABOVE_COAST,AREA_INLAND_WATER,AREA_LAND,POPULATION_2021,count_of_category_90089
E06000001,Hartlepool,,9835.11,9371.7,0.0,9371.7,92571,21.0
E06000002,Middlesbrough,,5455.39,5388.18,0.0,5388.18,143734,45.0
E06000003,Redcar and Cleveland,,25378.55,24506.96,0.0,24506.96,136616,38.0
E06000004,Stockton-on-Tees,,20973.1,20493.32,0.0,20493.32,197030,63.0
E06000005,Darlington,,19747.79,19747.79,0.0,19747.79,108222,37.0
E06000006,Halton,,9032.15,7908.42,0.0,7908.42,128577,34.0
E06000007,Warrington,,18238.35,18062.8,0.0,18062.8,211227,75.0
E06000008,Blackburn with Darwen,,13702.23,13702.23,0.0,13702.23,154922,59.0
E06000009,Blackpool,,4315.08,3487.08,0.0,3487.08,140954,52.0
E06000010,"Kingston upon Hull, City of",,8146.89,7158.37,0.0,7158.37,266463,76.0
E06000011,East Riding of Yorkshire,,249178.25,240476.9,116.96,240359.94,343143,162.0
E06000012,North East Lincolnshire,,20266.24,19262.29,0.0,19262.29,157197,48.0
E06000013,North Lincolnshire,,87889.35,84654.02,0.0,84654.02,169940,56.0
E06000014,York,,27200.9,27193.12,0.0,27193.12,201672,58.0
E06000015,Derby,,7803.12,7803.12,0.0,7803.12,261136,62.0
E06000016,Leicester,,7334.22,7334.22,0.0,7334.22,366018,87.0
E06000017,Rutland,,39374.89,39374.89,1191.78,38183.11,41381,30.0
E06000018,Nottingham,,7461.34,7461.34,0.0,7461.34,319566,71.0
E06000019,"Herefordshire, County of",,217970.85,217970.85,0.0,217970.85,187557,102.0
E06000020,Telford and Wrekin,,29031.37,29031.37,0.0,29031.37,185842,61.0
E06000021,Stoke-on-Trent,,9344.85,9344.85,0.0,9344.85,258037,96.0
E06000022,Bath and North East Somerset,,35112.32,35112.32,524.49,34587.83,192423,48.0
E06000023,"Bristol, City of",,23544.17,10966.68,0.0,10966.68,471117,123.0
E06000024,North Somerset,,39046.69,37463.69,88.76,37374.93,217399,59.0
E06000025,South Gloucestershire,,53675.82,49705.08,0.0,49705.08,290736,92.0
E06000026,Plymouth,,8436.98,7984.96,0.0,7984.96,264727,67.0
E06000027,Torbay,,11945.24,6288.69,0.0,6288.69,139446,43.0
E06000030,Swindon,,23009.33,23009.33,0.0,23009.33,233713,72.0
E06000031,Peterborough,,34343.79,34337.82,0.0,34337.82,216349,71.0
E06000032,Luton,,4335.26,4335.26,0.0,4335.26,224826,55.0
E06000033,Southend-on-Sea,,6796.42,4167.42,0.0,4167.42,180601,45.0
E06000034,Thurrock,,18443.15,16383.71,0.0,16383.71,175902,61.0
E06000035,Medway,,26892.32,19371.42,0.0,19371.42,279827,83.0
E06000036,Bracknell Forest,,10938.43,10938.43,0.0,10938.43,125174,35.0
E06000037,West Berkshire,,70418.29,70418.29,0.0,70418.29,161865,54.0
E06000038,Reading,,4039.79,4039.79,0.0,4039.79,173170,68.0
E06000039,Slough,,3254.21,3254.21,0.0,3254.21,158289,62.0
E06000040,Windsor and Maidenhead,,19842.72,19842.72,192.55,19650.17,153921,52.0
E06000041,Wokingham,,17896.9,17896.9,0.0,17896.9,178169,57.0
E06000042,Milton Keynes,,30862.65,30862.65,0.0,30862.65,288201,104.0
E06000043,Brighton and Hove,,8538.59,8283.3,0.0,8283.3,276334,61.0
E06000044,Portsmouth,,6013.14,4038.16,0.0,4038.16,206828,52.0
E06000045,Southampton,,5638.52,4988.07,0.0,4988.07,247256,53.0
E06000046,Isle of Wight,,39282.42,37961.99,0.0,37961.99,140889,45.0
E06000047,County Durham,,223258.42,223143.25,557.15,222586.1,521346,177.0
E06000049,Cheshire East,,116635.78,116635.78,0.0,116635.78,400528,115.0
E06000050,Cheshire West and Chester,,94120.71,92001.8,0.0,92001.8,357699,142.0
E06000051,Shropshire,,319727.56,319727.56,0.0,319727.56,324716,147.0
E06000052,Cornwall,,361192.67,354893.99,350.55,354543.44,572010,237.0
E06000053,Isles of Scilly,,2285.15,1631.77,0.0,1631.77,2271,0.0
E06000054,Wiltshire,,325533.8,325533.8,0.0,325533.8,513411,216.0
E06000055,Bedford,,47640.82,47640.82,0.0,47640.82,185761,57.0
E06000056,Central Bedfordshire,,71566.55,71566.55,0.0,71566.55,295541,112.0
E06000057,Northumberland,,507835.84,503231.26,1241.48,501989.78,321558,128.0
E06000058,"Bournemouth, Christchurch and Poole",,17393.21,16207.0,0.0,16207.0,400109,89.0
E06000059,Dorset,,252107.47,249095.67,0.0,249095.67,381292,146.0
E06000060,Buckinghamshire,,156493.77,156493.77,0.0,156493.77,555257,193.0
E06000061,North Northamptonshire,,98659.46,98659.46,0.0,98659.46,360381,114.0
E06000062,West Northamptonshire,,138039.58,138039.58,298.49,137741.09,426462,134.0
E07000008,Cambridge,,4069.89,4069.89,0.0,4069.89,144714,33.0
E07000009,East Cambridgeshire,,65172.04,65128.6,0.0,65128.6,88145,32.0
E07000010,Fenland,,54735.54,54645.02,0.0,54645.02,102742,50.0
E07000011,Huntingdonshire,,91254.61,91245.55,627.95,90617.6,181804,74.0
E07000012,South Cambridgeshire,,90168.69,90162.46,0.0,90162.46,163002,67.0
E07000026,Allerdale,,132056.82,125830.99,1615.97,124215.02,96384,41.0
E07000027,Barrow-in-Furness,,13207.53,7789.71,0.0,7789.71,67375,12.0
E07000028,Carlisle,,105679.17,103829.66,0.0,103829.66,110255,46.0
E07000029,Copeland,,77554.07,73763.23,587.16,73176.07,67176,30.0
E07000030,Eden,,215647.93,215647.93,1410.34,214237.59,54955,43.0
E07000031,South Lakeland,,174348.86,155492.63,1946.09,153546.54,104676,78.0
E07000032,Amber Valley,,26543.79,26543.79,0.0,26543.79,126489,47.0
E07000033,Bolsover,,16033.46,16033.46,0.0,16033.46,80476,23.0
E07000034,Chesterfield,,6603.53,6603.53,0.0,6603.53,103672,39.0
E07000035,Derbyshire Dales,,79531.8,79531.8,289.37,79242.43,71681,35.0
E07000036,Erewash,,10963.01,10963.01,0.0,10963.01,113047,36.0
E07000037,High Peak,,54025.42,54025.42,111.08,53914.34,91104,24.0
E07000038,North East Derbyshire,,27562.37,27562.37,0.0,27562.37,102315,45.0
E07000039,South Derbyshire,,33812.69,33812.69,0.0,33812.69,108063,35.0
E07000040,East Devon,,82244.33,81423.84,0.0,81423.84,152120,73.0
E07000041,Exeter,,4788.49,4703.31,0.0,4703.31,129307,39.0
E07000042,Mid Devon,,91290.08,91290.08,0.0,91290.08,83186,38.0
E07000043,North Devon,,110474.03,108589.24,0.0,108589.24,99435,62.0
E07000044,South Hams,,90513.02,88654.69,0.0,88654.69,89213,52.0
E07000045,Teignbridge,,68005.26,67375.96,0.0,67375.96,135216,64.0
E07000046,Torridge,,99528.76,98526.01,145.96,98380.05,68475,22.0
E07000047,West Devon,,116473.17,116111.08,143.86,115967.22,57488,20.0
E07000061,Eastbourne,,4533.13,4416.14,0.0,4416.14,101593,17.0
E07000062,Hastings,,3080.13,2979.64,0.0,2979.64,90959,32.0
E07000063,Lewes,,29439.8,29210.7,0.0,29210.7,100194,36.0
E07000064,Rother,,51712.36,51175.4,231.26,50944.14,93429,36.0
E07000065,Wealden,,83616.06,83494.83,182.26,83312.57,160749,80.0
E07000066,Basildon,,11044.91,11000.1,0.0,11000.1,187659,47.0
E07000067,Braintree,,61170.79,61170.79,0.0,61170.79,155710,69.0
E07000068,Brentwood,,15312.41,15312.41,0.0,15312.41,77103,27.0
E07000069,Castle Point,,6362.21,4467.35,0.0,4467.35,89708,39.0
E07000070,Chelmsford,,34299.7,34222.73,346.93,33875.8,181763,57.0
E07000071,Colchester,,34677.33,33232.53,410.14,32822.39,192424,86.0
E07000072,Epping Forest,,33898.4,33898.4,0.0,33898.4,134909,59.0
E07000073,Harlow,,3053.79,3053.79,0.0,3053.79,93374,22.0
E07000074,Maldon,,42804.92,35781.58,0.0,35781.58,66627,21.0
E07000075,Rochford,,26290.04,16709.27,0.0,16709.27,86186,18.0
E07000076,Tendring,,36618.26,33632.44,0.0,33632.44,148934,50.0
E07000077,Uttlesford,,64118.25,64118.25,0.0,64118.25,91948,29.0
E07000078,Cheltenham,,4659.6,4659.6,0.0,4659.6,118866,40.0
E07000079,Cotswold,,116452.44,116452.44,0.0,116452.44,91125,59.0
E07000080,Forest of Dean,,56187.36,52590.2,0.0,52590.2,87140,38.0
E07000081,Gloucester,,4082.66,4055.3,0.0,4055.3,132538,49.0
E07000082,Stroud,,47542.79,46054.23,0.0,46054.23,121529,41.0
E07000083,Tewkesbury,,41497.6,41441.44,0.0,41441.44,95429,40.0
E07000084,Basingstoke and Deane,,63380.86,63380.86,0.0,63380.86,185656,55.0
E07000085,East Hampshire,,51442.74,51442.74,0.0,51442.74,126199,45.0
E07000086,Eastleigh,,8529.74,7969.15,0.0,7969.15,136974,28.0
E07000087,Fareham,,7788.45,7425.26,0.0,7425.26,114993,22.0
E07000088,Gosport,,2760.8,2537.39,0.0,2537.39,82178,17.0
E07000089,Hart,,21526.51,21526.51,0.0,21526.51,100293,40.0
E07000090,Havant,,7894.74,5574.08,0.0,5574.08,124470,47.0
E07000091,New Forest,,77628.58,75217.55,0.0,75217.55,176262,61.0
E07000092,Rushmoor,,3904.51,3904.51,0.0,3904.51,100068,31.0
E07000093,Test Valley,,62763.21,62760.55,0.0,62760.55,131190,55.0
E07000094,Winchester,,66106.12,66097.07,0.0,66097.07,127916,55.0
E07000095,Broxbourne,,5144.22,5144.22,0.0,5144.22,99138,33.0
E07000096,Dacorum,,21247.62,21247.62,0.0,21247.62,155217,48.0
E07000098,Hertsmere,,10112.81,10112.81,0.0,10112.81,108105,41.0
E07000099,North Hertfordshire,,37538.21,37538.21,0.0,37538.21,133571,40.0
E07000102,Three Rivers,,8882.42,8882.42,0.0,8882.42,93952,34.0
E07000103,Watford,,2143.04,2143.04,0.0,2143.04,102451,22.0
E07000105,Ashford,,58061.74,58061.74,0.0,58061.74,133178,39.0
E07000106,Canterbury,,31860.47,30875.27,0.0,30875.27,156554,44.0
E07000107,Dartford,,7631.07,7272.58,0.0,7272.58,116777,36.0
E07000108,Dover,,32078.11,31533.78,0.0,31533.78,116595,37.0
E07000109,Gravesham,,10495.87,9899.13,0.0,9899.13,106838,31.0
E07000110,Maidstone,,39335.06,39332.93,0.0,39332.93,176712,67.0
E07000111,Sevenoaks,,37034.7,37034.7,111.62,36923.08,120841,37.0
E07000112,Folkestone and Hythe,,36546.74,35692.11,0.0,35692.11,110056,43.0
E07000113,Swale,,42200.18,37343.66,0.0,37343.66,152223,50.0
E07000114,Thanet,,11246.42,10360.91,0.0,10360.91,140678,48.0
E07000115,Tonbridge and Malling,,24097.36,24011.45,0.0,24011.45,132386,62.0
E07000116,Tunbridge Wells,,33132.87,33132.87,0.0,33132.87,115681,42.0
E07000117,Burnley,,11068.39,11068.39,0.0,11068.39,94721,37.0
E07000118,Chorley,,20290.55,20276.22,0.0,20276.22,117937,49.0
E07000119,Fylde,,18173.13,16569.75,0.0,16569.75,81845,33.0
E07000120,Hyndburn,,7300.66,7300.66,0.0,7300.66,82261,27.0
E07000121,Lancaster,,65389.73,56693.14,0.0,56693.14,142162,52.0
E07000122,Pendle,,16938.0,16938.0,0.0,16938.0,95789,32.0
E07000123,Preston,,14294.49,14228.42,0.0,14228.42,147617,56.0
E07000124,Ribble Valley,,58446.22,58446.22,128.58,58317.64,61907,28.0
E07000125,Rossendale,,13804.11,13804.11,0.0,13804.11,71010,30.0
E07000126,South Ribble,,11461.49,11314.17,0.0,11314.17,111204,43.0
E07000127,West Lancashire,,38096.59,34663.33,0.0,34663.33,117125,53.0
E07000128,Wyre,,32878.98,28216.45,0.0,28216.45,112457,37.0
E07000129,Blaby,,13046.87,13046.87,0.0,13046.87,103271,39.0
E07000130,Charnwood,,27904.26,27904.26,0.0,27904.26,182817,52.0
E07000131,Harborough,,59269.21,59269.21,89.55,59179.66,98287,40.0
E07000132,Hinckley and Bosworth,,29735.14,29735.14,0.0,29735.14,113660,42.0
E07000133,Melton,,48138.06,48138.06,0.0,48138.06,51773,11.0
E07000134,North West Leicestershire,,27932.79,27932.79,0.0,27932.79,105011,52.0
E07000135,Oadby and Wigston,,2352.61,2352.61,0.0,2352.61,57753,32.0
E07000136,Boston,,39779.25,36400.85,0.0,36400.85,70798,28.0
E07000137,East Lindsey,,183085.75,176677.36,0.0,176677.36,142951,74.0
E07000138,Lincoln,,3569.01,3569.01,0.0,3569.01,102330,33.0
E07000139,North Kesteven,,92247.14,92247.14,0.0,92247.14,118553,35.0
E07000140,South Holland,,81550.39,75007.62,0.0,75007.62,95485,44.0
E07000141,South Kesteven,,94258.57,94258.57,0.0,94258.57,143787,75.0
E07000142,West Lindsey,,115765.22,115573.2,0.0,115573.2,95570,29.0
E07000143,Breckland,,130511.66,130511.66,0.0,130511.66,142164,54.0
E07000144,Broadland,,55324.42,55206.08,0.0,55206.08,132247,36.0
E07000145,Great Yarmouth,,18255.53,17431.42,0.0,17431.42,100146,38.0
E07000146,King's Lynn and West Norfolk,,152688.71,143952.27,0.0,143952.27,154910,67.0
E07000147,North Norfolk,,99012.83,96755.33,158.64,96596.69,103257,53.0
E07000148,Norwich,,4055.43,3902.22,0.0,3902.22,143118,38.0
E07000149,South Norfolk,,90890.64,90757.65,0.0,90757.65,142527,34.0
E07000163,Craven,,117880.75,117880.75,141.92,117738.83,57090,16.0
E07000164,Hambleton,,131125.63,131125.63,0.0,131125.63,91037,52.0
E07000165,Harrogate,,130911.78,130911.78,118.05,130793.73,164105,65.0
E07000166,Richmondshire,,131870.27,131870.27,0.0,131870.27,50358,36.0
E07000167,Ryedale,,150653.07,150653.07,0.0,150653.07,54897,31.0
E07000168,Scarborough,,82555.77,81624.13,0.0,81624.13,108959,38.0
E07000169,Selby,,60222.79,59931.56,0.0,59931.56,92401,29.0
E07000170,Ashfield,,10955.81,10955.81,0.0,10955.81,126372,41.0
E07000171,Bassetlaw,,63949.27,63780.35,0.0,63780.35,118351,38.0
E07000172,Broxtowe,,8009.88,8009.88,0.0,8009.88,110813,31.0
E07000173,Gedling,,11998.18,11998.18,0.0,11998.18,117298,36.0
E07000174,Mansfield,,7669.74,7669.74,0.0,7669.74,110602,48.0
E07000175,Newark and Sherwood,,65183.51,65134.03,0.0,65134.03,123383,60.0
E07000176,Rushcliffe,,40923.18,40923.18,0.0,40923.18,119438,50.0
E07000177,Cherwell,,58874.54,58874.54,0.0,58874.54,161837,58.0
E07000178,Oxford,,4560.27,4560.27,0.0,4560.27,160021,22.0
E07000179,South Oxfordshire,,67849.22,67849.22,0.0,67849.22,150024,59.0
E07000180,Vale of White Horse,,57867.97,57867.97,101.58,57766.39,139487,47.0
E07000181,West Oxfordshire,,71442.21,71442.21,0.0,71442.21,115161,45.0
E07000187,Mendip,,73943.55,73943.55,0.0,73943.55,116285,54.0
E07000188,Sedgemoor,,60594.76,56422.39,0.0,56422.39,125752,75.0
E07000189,South Somerset,,95907.1,95905.31,0.0,95905.31,173173,63.0
E07000192,Cannock Chase,,7888.25,7888.25,0.0,7888.25,100590,52.0
E07000193,East Staffordshire,,38998.71,38998.71,302.78,38695.93,124477,44.0
E07000194,Lichfield,,33129.44,33129.44,0.0,33129.44,106909,41.0
E07000195,Newcastle-under-Lyme,,21095.71,21095.71,0.0,21095.71,123025,36.0
E07000196,South Staffordshire,,40732.24,40732.24,0.0,40732.24,110793,37.0
E07000197,Stafford,,59817.22,59817.22,0.0,59817.22,137231,46.0
E07000198,Staffordshire Moorlands,,57584.98,57584.98,0.0,57584.98,95993,32.0
E07000199,Tamworth,,3085.07,3085.07,0.0,3085.07,78838,17.0
E07000200,Babergh,,61160.42,59511.66,139.25,59372.41,92723,41.0
E07000202,Ipswich,,4030.01,3950.97,0.0,3950.97,139614,34.0
E07000203,Mid Suffolk,,87107.08,87107.08,0.0,87107.08,103417,40.0
E07000207,Elmbridge,,9633.41,9633.41,128.2,9505.21,139369,45.0
E07000208,Epsom and Ewell,,3407.91,3407.91,0.0,3407.91,80998,24.0
E07000209,Guildford,,27093.11,27093.11,0.0,27093.11,143929,65.0
E07000210,Mole Valley,,25832.13,25832.13,0.0,25832.13,87608,39.0
E07000211,Reigate and Banstead,,12914.39,12914.39,0.0,12914.39,151423,53.0
E07000212,Runnymede,,7804.07,7804.07,0.0,7804.07,87739,32.0
E07000213,Spelthorne,,5116.14,5116.14,627.34,4488.8,102995,32.0
E07000214,Surrey Heath,,9509.3,9509.3,0.0,9509.3,90645,49.0
E07000215,Tandridge,,24819.46,24819.46,0.0,24819.46,88143,40.0
E07000216,Waverley,,34517.02,34517.02,0.0,34517.02,128878,58.0
E07000217,Woking,,6360.35,6360.35,0.0,6360.35,103889,30.0
E07000218,North Warwickshire,,28426.14,28426.14,0.0,28426.14,65340,41.0
E07000219,Nuneaton and Bedworth,,7895.03,7895.03,0.0,7895.03,134291,47.0
E07000220,Rugby,,35355.73,35355.73,244.4,35111.33,114829,46.0
E07000221,Stratford-on-Avon,,97786.92,97786.92,0.0,97786.92,135964,69.0
E07000222,Warwick,,28288.21,28288.21,0.0,28288.21,148729,47.0
E07000223,Adur,,4364.81,4206.56,0.0,4206.56,64626,14.0
E07000224,Arun,,22470.32,22099.1,0.0,22099.1,165225,39.0
E07000225,Chichester,,81241.52,78619.5,0.0,78619.5,124531,41.0
E07000226,Crawley,,4497.12,4497.12,0.0,4497.12,118580,32.0
E07000227,Horsham,,53096.21,53027.85,0.0,53027.85,147487,46.0
E07000228,Mid Sussex,,33402.95,33402.95,0.0,33402.95,152949,60.0
E07000229,Worthing,,3378.3,3252.09,0.0,3252.09,111657,33.0
E07000234,Bromsgrove,,21696.83,21696.83,0.0,21696.83,99475,49.0
E07000235,Malvern Hills,,57707.1,57707.1,0.0,57707.1,79973,34.0
E07000236,Redditch,,5425.09,5425.09,0.0,5425.09,86996,24.0
E07000237,Worcester,,3327.81,3327.81,0.0,3327.81,103617,44.0
E07000238,Wychavon,,66354.18,66354.18,0.0,66354.18,133100,62.0
E07000239,Wyre Forest,,19540.38,19540.38,0.0,19540.38,101786,33.0
E07000240,St Albans,,16120.59,16120.59,0.0,16120.59,148641,59.0
E07000241,Welwyn Hatfield,,12953.69,12953.69,0.0,12953.69,119538,31.0
E07000242,East Hertfordshire,,47566.95,47566.95,0.0,47566.95,150687,40.0
E07000243,Stevenage,,2596.92,2596.92,0.0,2596.92,89320,27.0
E07000244,East Suffolk,,129483.62,126098.96,0.0,126098.96,246801,99.0
E07000245,West Suffolk,,103467.55,103467.55,0.0,103467.55,180820,77.0
E07000246,Somerset West and Taunton,,121052.5,118906.65,148.97,118757.68,157909,78.0
E08000001,Bolton,,13979.21,13979.21,0.0,13979.21,296041,95.0
E08000002,Bury,,9946.0,9946.0,0.0,9946.0,193823,60.0
E08000003,Manchester,,11564.85,11564.85,0.0,11564.85,549853,127.0
E08000004,Oldham,,14234.48,14234.48,0.0,14234.48,242072,75.0
E08000005,Rochdale,,15812.83,15812.83,0.0,15812.83,224087,71.0
E08000006,Salford,,9719.74,9719.74,0.0,9719.74,270764,96.0
E08000007,Stockport,,12604.04,12604.04,0.0,12604.04,295243,104.0
E08000008,Tameside,,10315.42,10315.42,0.0,10315.42,231199,62.0
E08000009,Trafford,,10604.47,10604.47,0.0,10604.47,235546,66.0
E08000010,Wigan,,18817.09,18817.09,0.0,18817.09,329759,91.0
E08000011,Knowsley,,8650.01,8650.01,0.0,8650.01,154974,43.0
E08000012,Liverpool,,13353.41,11183.58,0.0,11183.58,484488,116.0
E08000013,St. Helens,,13635.87,13635.87,0.0,13635.87,183391,69.0
E08000014,Sefton,,20246.27,15657.85,0.0,15657.85,279692,86.0
E08000015,Wirral,,25344.36,16092.19,0.0,16092.19,320600,92.0
E08000016,Barnsley,,32907.77,32907.77,0.0,32907.77,244893,77.0
E08000017,Doncaster,,56853.55,56800.64,0.0,56800.64,308705,110.0
E08000018,Rotherham,,28653.44,28653.44,0.0,28653.44,266183,107.0
E08000019,Sheffield,,36793.02,36793.02,0.0,36793.02,554401,181.0
E08000021,Newcastle upon Tyne,,11510.88,11345.15,0.0,11345.15,298264,82.0
E08000022,North Tyneside,,8481.02,8230.05,0.0,8230.05,209151,37.0
E08000023,South Tyneside,,6707.43,6442.05,0.0,6442.05,147915,45.0
E08000024,Sunderland,,13961.79,13743.64,0.0,13743.64,274211,69.0
E08000025,Birmingham,,26779.12,26779.12,0.0,26779.12,1142494,325.0
E08000026,Coventry,,9863.92,9863.92,0.0,9863.92,343320,94.0
E08000027,Dudley,,9795.82,9795.82,0.0,9795.82,323581,115.0
E08000028,Sandwell,,8555.88,8555.88,0.0,8555.88,341729,113.0
E08000029,Solihull,,17828.2,17828.2,0.0,17828.2,216666,76.0
E08000030,Walsall,,10397.36,10397.36,0.0,10397.36,284306,82.0
E08000031,Wolverhampton,,6943.66,6943.66,0.0,6943.66,264036,85.0
E08000032,Bradford,,36641.97,36641.97,0.0,36641.97,546976,130.0
E08000033,Calderdale,,36396.09,36396.09,0.0,36396.09,206818,46.0
E08000034,Kirklees,,40855.16,40855.16,0.0,40855.16,433355,134.0
E08000035,Leeds,,55170.67,55170.67,0.0,55170.67,809036,206.0
E08000036,Wakefield,,33861.97,33861.97,0.0,33861.97,353802,136.0
E08000037,Gateshead,,14405.41,14233.92,0.0,14233.92,196154,58.0
E09000001,City of London,,314.75,289.04,0.0,289.04,8618,6.0
E09000002,Barking and Dagenham,,3778.18,3610.15,0.0,3610.15,218534,48.0
E09000003,Barnet,,8674.81,8674.81,0.0,8674.81,388639,82.0
E09000004,Bexley,,6431.28,6057.84,0.0,6057.84,246543,54.0
E09000005,Brent,,4323.3,4323.3,0.0,4323.3,338918,81.0
E09000006,Bromley,,15013.03,15013.03,0.0,15013.03,329830,89.0
E09000007,Camden,,2178.95,2178.95,0.0,2178.95,210390,26.0
E09000008,Croydon,,8649.68,8649.68,0.0,8649.68,390506,93.0
E09000009,Ealing,,5554.45,5554.45,0.0,5554.45,366127,67.0
E09000010,Enfield,,8220.01,8220.01,136.93,8083.08,329601,101.0
E09000011,Greenwich,,5043.93,4730.7,0.0,4730.7,289254,69.0
E09000012,Hackney,,1904.71,1904.71,0.0,1904.71,259956,37.0
E09000013,Hammersmith and Fulham,,1715.4,1640.36,0.0,1640.36,183295,33.0
E09000014,Haringey,,2959.85,2959.85,0.0,2959.85,264130,59.0
E09000015,Harrow,,5046.35,5046.35,0.0,5046.35,260987,49.0
E09000016,Havering,,11445.75,11234.14,0.0,11234.14,262022,64.0
E09000017,Hillingdon,,11570.05,11570.05,0.0,11570.05,304792,100.0
E09000018,Hounslow,,5658.52,5597.03,0.0,5597.03,287940,86.0
E09000019,Islington,,1485.67,1485.67,0.0,1485.67,216767,21.0
E09000020,Kensington and Chelsea,,1238.41,1212.57,0.0,1212.57,143940,34.0
E09000021,Kingston upon Thames,,3726.52,3726.52,0.0,3726.52,167845,27.0
E09000022,Lambeth,,2723.75,2680.8,0.0,2680.8,317498,95.0
E09000023,Lewisham,,3531.71,3514.83,0.0,3514.83,299810,46.0
E09000024,Merton,,3762.48,3762.48,0.0,3762.48,215324,44.0
E09000025,Newham,,3858.13,3619.8,0.0,3619.8,350626,58.0
E09000026,Redbridge,,5644.03,5640.35,0.0,5640.35,309836,59.0
E09000027,Richmond upon Thames,,5876.13,5739.37,0.0,5739.37,195232,50.0
E09000028,Southwark,,2992.16,2887.65,0.0,2887.65,306374,58.0
E09000029,Sutton,,4384.27,4384.27,0.0,4384.27,209517,50.0
E09000030,Tower Hamlets,,2157.64,1977.1,0.0,1977.1,312273,45.0
E09000031,Waltham Forest,,3880.82,3880.82,0.0,3880.82,278050,56.0
E09000032,Wandsworth,,3522.03,3425.7,0.0,3425.7,328367,68.0
E09000033,Westminster,,2202.99,2147.71,0.0,2147.71,205087,57.0
N09000001,Antrim and Newtownabbey,,72818.63,72818.63,15702.34,57116.29,145852,108.0
N09000002,"Armagh City, Banbridge and Craigavon",,143706.87,143706.87,9896.0,133810.87,219127,173.0
N09000003,Belfast,,13771.7,13771.7,0.0,13771.7,345006,143.0
N09000004,Causeway Coast and Glens,,198553.47,198553.47,0.0,198553.47,141664,115.0
N09000005,Derry City and Strabane,,125124.17,125124.17,0.0,125124.17,150834,50.0
N09000006,Fermanagh and Omagh,,301211.49,301211.49,14808.29,286403.2,116926,91.0
N09000007,Lisburn and Castlereagh,,51043.81,51043.81,465.28,50578.53,149272,88.0
N09000008,Mid and East Antrim,,106135.56,106135.56,214.2,105921.36,139127,112.0
N09000009,Mid Ulster,,195729.4,195729.4,12595.24,183134.16,150598,136.0
N09000010,"Newry, Mourne and Down",,168234.08,168234.08,0.0,168234.08,182345,87.0
N09000011,Ards and North Down,,56647.33,56647.33,0.0,56647.33,163827,119.0
S12000005,Clackmannanshire,,16391.26,15918.5,0.0,15918.5,51540,12.0
S12000006,Dumfries and Galloway,,667525.58,643656.73,1073.26,642583.47,148790,93.0
S12000008,East Ayrshire,,127034.57,127034.57,821.42,126213.15,122020,52.0
S12000010,East Lothian,,69948.05,67924.05,0.0,67924.05,109580,24.0
S12000011,East Renfrewshire,,17424.74,17424.74,0.0,17424.74,96580,40.0
S12000013,Na h-Eileanan Siar,,327021.01,309661.43,4107.84,305553.59,26640,24.0
S12000014,Falkirk,,31493.46,29713.74,0.0,29713.74,160700,65.0
S12000017,Highland,,2647398.73,2615874.07,50565.26,2565308.81,238060,153.0
S12000018,Inverclyde,,17362.45,16194.87,151.02,16043.85,76700,17.0
S12000019,Midlothian,,35527.2,35527.2,158.97,35368.23,94680,23.0
S12000020,Moray,,225763.22,223755.57,0.0,223755.57,96410,45.0
S12000021,North Ayrshire,,90384.25,88528.45,0.0,88528.45,134220,61.0
S12000023,Orkney Islands,,108654.02,101503.61,2454.71,99048.9,22540,7.0
S12000026,Scottish Borders,,474268.97,473916.65,739.88,473176.77,116020,53.0
S12000027,Shetland Islands,,165732.15,146851.42,103.67,146747.75,22940,13.0
S12000028,South Ayrshire,,123468.36,122436.75,214.11,122222.64,112450,39.0
S12000029,South Lanarkshire,,177401.53,177389.02,200.43,177188.59,322630,142.0
S12000030,Stirling,,225481.33,225253.41,6637.6,218615.81,93470,37.0
S12000033,Aberdeen City,,20558.82,18557.13,0.0,18557.13,227430,73.0
S12000034,Aberdeenshire,,633865.76,631800.6,537.83,631262.77,262690,103.0
S12000035,Argyll and Bute,,716607.37,700585.62,9903.11,690682.51,86220,61.0
S12000036,City of Edinburgh,,27288.76,26339.5,0.0,26339.5,526470,119.0
S12000038,Renfrewshire,,26924.28,26149.08,0.0,26149.08,179940,50.0
S12000039,West Dunbartonshire,,18278.21,17731.96,1855.47,15876.49,87790,33.0
S12000040,West Lothian,,43157.93,42876.95,103.02,42773.93,185580,69.0
S12000041,Angus,,220244.82,218498.31,353.08,218145.23,116120,43.0
S12000042,Dundee City,,6241.02,5980.05,0.0,5980.05,147720,37.0
S12000045,East Dunbartonshire,,17448.91,17448.91,0.0,17448.91,108900,41.0
S12000047,Fife,,137242.85,132519.03,0.0,132519.03,374730,125.0
S12000048,Perth and Kinross,,542136.28,538377.1,9816.63,528560.47,153810,70.0
S12000049,Glasgow City,,17635.67,17462.21,0.0,17462.21,635130,174.0
S12000050,North Lanarkshire,,47229.84,47229.84,230.69,46999.15,341400,144.0
W06000001,Isle of Anglesey,Ynys MÃ´n,74781.19,71521.26,314.75,71206.51,68944,44.0
W06000002,Gwynedd,Gwynedd,261968.06,254829.33,1314.99,253514.34,117072,78.0
W06000003,Conwy,Conwy,114921.18,113017.89,435.64,112582.25,114828,53.0
W06000004,Denbighshire,Sir Ddinbych,84628.94,83871.65,179.88,83691.77,96046,36.0
W06000005,Flintshire,Sir y Fflint,48950.07,43983.02,0.0,43983.02,155076,89.0
W06000006,Wrexham,Wrecsam,50377.37,50377.37,0.0,50377.37,135132,43.0
W06000008,Ceredigion,Ceredigion,180669.82,178837.92,339.86,178498.06,70658,56.0
W06000009,Pembrokeshire,Sir Benfro,165119.92,161834.44,0.0,161834.44,123669,83.0
W06000010,Carmarthenshire,Sir Gaerfyrddin,244024.32,237110.45,82.81,237027.64,188191,105.0
W06000011,Swansea,Abertawe,41939.37,37761.45,0.0,37761.45,237834,90.0
W06000012,Neath Port Talbot,Castell-nedd Port Talbot,45188.06,44227.25,102.8,44124.45,141931,42.0
W06000013,Bridgend,Pen-y-bont ar Ogwr,25512.08,25078.54,0.0,25078.54,145760,45.0
W06000014,Vale of Glamorgan,Bro Morgannwg,33980.41,33126.14,11.27,33114.87,132534,26.0
W06000015,Cardiff,Caerdydd,14944.5,14230.37,138.93,14091.44,359512,102.0
W06000016,Rhondda Cynon Taf,Rhondda Cynon Taf,42415.01,42415.01,0.0,42415.01,237497,71.0
W06000018,Caerphilly,Caerffili,27738.77,27738.77,0.0,27738.77,176005,48.0
W06000019,Blaenau Gwent,Blaenau Gwent,10872.8,10872.8,0.0,10872.8,66993,20.0
W06000020,Torfaen,Torfaen,12623.98,12623.98,54.14,12569.84,92453,26.0
W06000021,Monmouthshire,Sir Fynwy,88604.5,85032.78,118.37,84914.41,93194,45.0
W06000022,Newport,Casnewydd,21751.79,19043.12,0.0,19043.12,159658,53.0
W06000023,Powys,Powys,519545.64,519531.11,1464.03,518067.08,133557,88.0
W06000024,Merthyr Tydfil,Merthyr Tudful,11195.68,11195.68,51.06,11144.62,58866,13.0
